step,train_loss,val_loss
500,1.249388188123703,1.163350046146661
1000,1.0055206343531609,0.9396944723557681
1500,0.8822710253298283,0.8854266789276153
2000,0.9331222996115685,0.8645532166119665
2500,0.8316958919167519,0.8427498533856124
3000,0.8087259903550148,0.8333400778938085
3500,0.8682267889380455,0.8199119160417467
4000,0.8868320733308792,0.8109982092864811
4500,0.8666192963719368,0.8028622418642044
5000,0.8779745139181614,0.7983089399058372
5500,0.8299534395337105,0.79222364758607
6000,0.8307915069162846,0.7886131406994537
6500,0.821305625140667,0.7858076060656458
7000,0.7549072243273258,0.784104545135051
7500,0.7794086299836636,0.7810330042848364
8000,0.759615208953619,0.7782142276410013
8500,0.8319178894162178,0.7754530017264187
9000,0.8677266277372837,0.7742286485154182
9500,0.7593664973974228,0.7716165165184066
10000,0.7560480944812298,0.7708794670179486
10500,0.7732119336724281,0.7690614234888926
11000,0.7724774666130543,0.7684554854640737
11500,0.7756348494440317,0.767538930173032
12000,0.7979514636099339,0.7669837651774287
