step,train_loss,val_loss
0,,0.7753209304809571
100,0.44267013669013977,0.4474430592854818
200,0.42564064264297485,0.41953253428141274
300,0.4321240782737732,0.41881382624308267
400,0.4080266058444977,0.41580690383911134
500,0.4098815321922302,0.41637872060139974
600,0.41270551085472107,0.4182938321431478
700,0.4155338406562805,0.4159504318237305
800,0.4091299772262573,0.4152825864156087
900,0.41986238956451416,0.4150772285461426
1000,0.4174879491329193,0.4145106315612793
1100,0.40833988785743713,0.41450283050537107
1200,0.41908353567123413,0.4146775945027669
